{
  "baseline": {
    "rmse": 5.971522001227854,
    "mae": 1.7772712879674828,
    "nse": 0.5188793817601274,
    "kge": 0.6385862839423266,
    "pbias": -5.994797959062143,
    "pearson_r": 0.7229607279606824,
    "spearman_r": 0.8319274069321457
  },
  "corrected": {
    "rmse": 5.126529302557064,
    "mae": 1.3095728539153424,
    "nse": 0.6454064892486004,
    "kge": 0.66269763245029,
    "pbias": -9.721469830534158,
    "pearson_r": 0.8078315663821067,
    "spearman_r": 0.922393116186172
  },
  "rmse_residual": 5.126529216766357,
  "rmse_improvement_pct": 14.150374033572067,
  "output_prefix": "baseline_gru_cons25_flow02_biasparam",
  "quantiles": {
    "0.10": {
      "coverage": 0.12337968418571765,
      "bias": -2.0761349201202393
    },
    "0.50": {
      "coverage": 0.6470657553617724,
      "bias": -0.37008899450302124
    },
    "0.90": {
      "coverage": 0.9653547018618902,
      "bias": 3.57090163230896
    }
  }
}